n,iterativo_ms,recursivo_ms
1000,1.00000,1.00000
2000,4.00000,3.00000
5000,22.00000,21.00000
10000,93.00000,98.00000
    